accuracy,best_epoch,channel_names,csi,csi_iou_equivalent,data_schema,ets,f1,far,flood_extent_error,fn,fp,frequency_bias,hss,iou,latency_ms_per_sample,lead_times,loss,loss_bce,loss_depth,loss_dice,loss_edge,loss_focal,loss_temporal,loss_total,mae,model_label,model_type,num_samples,parameter_count,peak_cuda_memory_mb,peak_depth_error,precision,recall_pod,rmse,seed,split_seed,tn,tp
0.8959565033783724,3,"['meteo', 'satellite', 'gis', 'social', 'fused_depth', 'risk_score', 'rain_current', 'rain_accum_3', 'rain_accum_6', 'rain_accum_12', 'miss_sat', 'miss_gis', 'miss_soc', 'dt_sat', 'dt_gis', 'dt_soc', 'q_sat', 'q_gis', 'q_soc', 'n_soc', 'soc_observation_mask', 'exposure', 'drainage_penalty']",0.8688200543588058,True,"{'schema_version': 2, 'channel_registry_version': 'rain_schema_v2', 'source_artifact_schema_version': 2, 'rain_feature_version': 'causal_rolling_v1', 'rain_features_materialized': True, 'channel_names': ['meteo', 'satellite', 'gis', 'social', 'fused_depth', 'risk_score', 'rain_current', 'rain_accum_3', 'rain_accum_6', 'rain_accum_12', 'miss_sat', 'miss_gis', 'miss_soc', 'dt_sat', 'dt_gis', 'dt_soc', 'q_sat', 'q_gis', 'q_soc', 'n_soc', 'soc_observation_mask', 'exposure', 'drainage_penalty'], 'input_channels': 23, 'target': 'gt_depth', 'time_steps': 72, 'height': 32, 'width': 32, 'checkpoint_schema_compatibility': 'validated'}",0.5734067809972735,0.9298059999521078,0.07375409094537358,0.0056970544763513134,74523,83157,1.0077168107423922,0.7288728991416149,0.8688200543588058,0.16922687500482425,"[1, 3, 6, 12, 24]",0.27537610079791097,0.2782277792088083,0.2535061058965889,0.15069572828911446,0.000347940536763368,0.15371390851214528,0.0040642540741434975,0.27537610079791097,0.08362139016389847,U-Net Single Frame,unet_single_frame,296,27605,14.89013671875,0.1277635097503662,0.9262459090546176,0.9333935734357153,0.11262507736682892,42,44,313507,1044333
0.8909912109374941,3,"['meteo', 'satellite', 'gis', 'social', 'fused_depth', 'risk_score', 'rain_current', 'rain_accum_3', 'rain_accum_6', 'rain_accum_12', 'miss_sat', 'miss_gis', 'miss_soc', 'dt_sat', 'dt_gis', 'dt_soc', 'q_sat', 'q_gis', 'q_soc', 'n_soc', 'soc_observation_mask', 'exposure', 'drainage_penalty']",0.8593928200588893,True,"{'schema_version': 2, 'channel_registry_version': 'rain_schema_v2', 'source_artifact_schema_version': 2, 'rain_feature_version': 'causal_rolling_v1', 'rain_features_materialized': True, 'channel_names': ['meteo', 'satellite', 'gis', 'social', 'fused_depth', 'risk_score', 'rain_current', 'rain_accum_3', 'rain_accum_6', 'rain_accum_12', 'miss_sat', 'miss_gis', 'miss_soc', 'dt_sat', 'dt_gis', 'dt_soc', 'q_sat', 'q_gis', 'q_soc', 'n_soc', 'soc_observation_mask', 'exposure', 'drainage_penalty'], 'input_channels': 23, 'target': 'gt_depth', 'time_steps': 72, 'height': 32, 'width': 32, 'checkpoint_schema_compatibility': 'validated'}",0.5743046464530321,0.9243800515330859,0.05262056690676323,0.0349959089949322,109121,56084,0.9525971170552694,0.7295978548332027,0.8593928200588893,0.1778343750629574,"[1, 3, 6, 12, 24]",0.2850104377076432,0.26722110395093224,0.26347532626744863,0.15511214572030144,0.0004735894271524975,0.14134464858452211,0.003947704665463518,0.2850104377076432,0.08510230481624603,U-Net Single Frame,unet_single_frame,296,27605,14.89013671875,0.1551588773727417,0.9473794330932274,0.9024709167220724,0.11541040241718292,44,44,340580,1009735
0.9063219225084399,3,"['meteo', 'satellite', 'gis', 'social', 'fused_depth', 'risk_score', 'rain_current', 'rain_accum_3', 'rain_accum_6', 'rain_accum_12', 'miss_sat', 'miss_gis', 'miss_soc', 'dt_sat', 'dt_gis', 'dt_soc', 'q_sat', 'q_gis', 'q_soc', 'n_soc', 'soc_observation_mask', 'exposure', 'drainage_penalty']",0.8835374442075452,True,"{'schema_version': 2, 'channel_registry_version': 'rain_schema_v2', 'source_artifact_schema_version': 2, 'rain_feature_version': 'causal_rolling_v1', 'rain_features_materialized': True, 'channel_names': ['meteo', 'satellite', 'gis', 'social', 'fused_depth', 'risk_score', 'rain_current', 'rain_accum_3', 'rain_accum_6', 'rain_accum_12', 'miss_sat', 'miss_gis', 'miss_soc', 'dt_sat', 'dt_gis', 'dt_soc', 'q_sat', 'q_gis', 'q_soc', 'n_soc', 'soc_observation_mask', 'exposure', 'drainage_penalty'], 'input_channels': 23, 'target': 'gt_depth', 'time_steps': 72, 'height': 32, 'width': 32, 'checkpoint_schema_compatibility': 'validated'}",0.5942770190502817,0.9381681709794402,0.08509064097238608,0.03851549303209434,41800,100171,1.0521702524721586,0.7455128712879545,0.8835374442075452,0.1736768739647232,"[1, 3, 6, 12, 24]",0.2603200571359815,0.2601047852957571,0.23971986025571823,0.14358899561134544,0.0003423611409301442,0.13989147516219197,0.003983895300660987,0.2603200571359815,0.08064576983451843,U-Net Single Frame,unet_single_frame,296,27605,14.89013671875,0.09029150009155273,0.9149093590276054,0.9626404112772246,0.10936235636472702,52,44,296493,1077056
0.8912854993665482,3,"['meteo', 'satellite', 'gis', 'social', 'fused_depth', 'risk_score', 'rain_current', 'rain_accum_3', 'rain_accum_6', 'rain_accum_12', 'miss_sat', 'miss_gis', 'miss_soc', 'dt_sat', 'dt_gis', 'dt_soc', 'q_sat', 'q_gis', 'q_soc', 'n_soc', 'soc_observation_mask', 'exposure', 'drainage_penalty']",0.8634627114036936,True,"{'schema_version': 2, 'channel_registry_version': 'rain_schema_v2', 'source_artifact_schema_version': 2, 'rain_feature_version': 'causal_rolling_v1', 'rain_features_materialized': True, 'channel_names': ['meteo', 'satellite', 'gis', 'social', 'fused_depth', 'risk_score', 'rain_current', 'rain_accum_3', 'rain_accum_6', 'rain_accum_12', 'miss_sat', 'miss_gis', 'miss_soc', 'dt_sat', 'dt_gis', 'dt_soc', 'q_sat', 'q_gis', 'q_soc', 'n_soc', 'soc_observation_mask', 'exposure', 'drainage_penalty'], 'input_channels': 23, 'target': 'gt_depth', 'time_steps': 72, 'height': 32, 'width': 32, 'checkpoint_schema_compatibility': 'validated'}",0.5578372507730004,0.9267292567337942,0.07774985683015252,0.007206107474662115,76919,87840,1.0097608628813626,0.7161688430498198,0.8634627114036936,0.17366499960189685,"[1, 3, 6, 12, 24]",0.26406644929099726,0.30022672931286126,0.2411144118051271,0.1505204938553475,0.0004167654999921954,0.18953122355270427,0.00393841793206898,0.26406644929099726,0.08080309629440308,U-Net Single Frame,unet_single_frame,296,27605,14.89013671875,0.10968232154846191,0.9222501431698387,0.9312521003596448,0.11070473492145538,77,44,308824,1041937
0.8850170238597914,3,"['meteo', 'satellite', 'gis', 'social', 'fused_depth', 'risk_score', 'rain_current', 'rain_accum_3', 'rain_accum_6', 'rain_accum_12', 'miss_sat', 'miss_gis', 'miss_soc', 'dt_sat', 'dt_gis', 'dt_soc', 'q_sat', 'q_gis', 'q_soc', 'n_soc', 'soc_observation_mask', 'exposure', 'drainage_penalty']",0.8605450506253273,True,"{'schema_version': 2, 'channel_registry_version': 'rain_schema_v2', 'source_artifact_schema_version': 2, 'rain_feature_version': 'causal_rolling_v1', 'rain_features_materialized': True, 'channel_names': ['meteo', 'satellite', 'gis', 'social', 'fused_depth', 'risk_score', 'rain_current', 'rain_accum_3', 'rain_accum_6', 'rain_accum_12', 'miss_sat', 'miss_gis', 'miss_soc', 'dt_sat', 'dt_gis', 'dt_soc', 'q_sat', 'q_gis', 'q_soc', 'n_soc', 'soc_observation_mask', 'exposure', 'drainage_penalty'], 'input_channels': 23, 'target': 'gt_depth', 'time_steps': 72, 'height': 32, 'width': 32, 'checkpoint_schema_compatibility': 'validated'}",0.5148725317371419,0.925046180087144,0.10838545341778591,0.05752019108952665,43543,130716,1.0779126178882619,0.6797569048885308,0.8605450506253273,0.18422875000396743,"[1, 3, 6, 12, 24]",0.26887449018053106,0.3521282290284698,0.24327783588622068,0.1507957819345835,0.0004703387231849184,0.24795356543885694,0.004269374499877764,0.26887449018053106,0.08364260196685791,U-Net Single Frame,unet_single_frame,296,27605,14.89013671875,0.18263638019561768,0.8916145465822058,0.9610825700536891,0.12140846997499466,2026,44,265948,1075313
0.9077306798986426,3,"['meteo', 'satellite', 'gis', 'social', 'fused_depth', 'risk_score', 'rain_current', 'rain_accum_3', 'rain_accum_6', 'rain_accum_12', 'miss_sat', 'miss_gis', 'miss_soc', 'dt_sat', 'dt_gis', 'dt_soc', 'q_sat', 'q_gis', 'q_soc', 'n_soc', 'soc_observation_mask', 'exposure', 'drainage_penalty']",0.8867212878369264,True,"{'schema_version': 2, 'channel_registry_version': 'rain_schema_v2', 'source_artifact_schema_version': 2, 'rain_feature_version': 'causal_rolling_v1', 'rain_features_materialized': True, 'channel_names': ['meteo', 'satellite', 'gis', 'social', 'fused_depth', 'risk_score', 'rain_current', 'rain_accum_3', 'rain_accum_6', 'rain_accum_12', 'miss_sat', 'miss_gis', 'miss_soc', 'dt_sat', 'dt_gis', 'dt_soc', 'q_sat', 'q_gis', 'q_soc', 'n_soc', 'soc_observation_mask', 'exposure', 'drainage_penalty'], 'input_channels': 23, 'target': 'gt_depth', 'time_steps': 72, 'height': 32, 'width': 32, 'checkpoint_schema_compatibility': 'validated'}",0.5899226740925095,0.9399600130064518,0.09551046445522615,0.06026710304054014,24250,115586,1.0816333826694313,0.7420771886648261,0.8867212878369264,0.25131312577286735,"[1, 3, 6, 12, 24]",0.24578231009277138,0.32400816316540176,0.22221779702482997,0.1391496932184374,0.00031385666984164883,0.21539702512500053,0.003909280198796124,0.24578231009277138,0.07830831408500671,3D CNN,cnn3d,296,15437,34.97021484375,0.08785867691040039,0.9044895355447656,0.9783260759203957,0.11132420599460602,42,44,281078,1094606
0.9054812869510075,3,"['meteo', 'satellite', 'gis', 'social', 'fused_depth', 'risk_score', 'rain_current', 'rain_accum_3', 'rain_accum_6', 'rain_accum_12', 'miss_sat', 'miss_gis', 'miss_soc', 'dt_sat', 'dt_gis', 'dt_soc', 'q_sat', 'q_gis', 'q_soc', 'n_soc', 'soc_observation_mask', 'exposure', 'drainage_penalty']",0.8838534905575398,True,"{'schema_version': 2, 'channel_registry_version': 'rain_schema_v2', 'source_artifact_schema_version': 2, 'rain_feature_version': 'causal_rolling_v1', 'rain_features_materialized': True, 'channel_names': ['meteo', 'satellite', 'gis', 'social', 'fused_depth', 'risk_score', 'rain_current', 'rain_accum_3', 'rain_accum_6', 'rain_accum_12', 'miss_sat', 'miss_gis', 'miss_soc', 'dt_sat', 'dt_gis', 'dt_soc', 'q_sat', 'q_gis', 'q_soc', 'n_soc', 'soc_observation_mask', 'exposure', 'drainage_penalty'], 'input_channels': 23, 'target': 'gt_depth', 'time_steps': 72, 'height': 32, 'width': 32, 'checkpoint_schema_compatibility': 'validated'}",0.5836552940511751,0.9383463101397793,0.0950225192503261,0.05652779244087801,28788,114457,1.0765683877102945,0.7370989081318611,0.8838534905575398,0.25453062407905236,"[1, 3, 6, 12, 24]",0.272277692282522,0.23455059694478642,0.25337295959124695,0.13483128032168826,0.00036549531304862703,0.12738447837732933,0.004173662809252336,0.272277692282522,0.08490896224975586,3D CNN,cnn3d,296,15437,34.97021484375,0.11871325969696045,0.9049774807496656,0.9742701473647997,0.11188829690217972,44,44,282207,1090068
0.9093373891469535,3,"['meteo', 'satellite', 'gis', 'social', 'fused_depth', 'risk_score', 'rain_current', 'rain_accum_3', 'rain_accum_6', 'rain_accum_12', 'miss_sat', 'miss_gis', 'miss_soc', 'dt_sat', 'dt_gis', 'dt_soc', 'q_sat', 'q_gis', 'q_soc', 'n_soc', 'soc_observation_mask', 'exposure', 'drainage_penalty']",0.8872819898603678,True,"{'schema_version': 2, 'channel_registry_version': 'rain_schema_v2', 'source_artifact_schema_version': 2, 'rain_feature_version': 'causal_rolling_v1', 'rain_features_materialized': True, 'channel_names': ['meteo', 'satellite', 'gis', 'social', 'fused_depth', 'risk_score', 'rain_current', 'rain_accum_3', 'rain_accum_6', 'rain_accum_12', 'miss_sat', 'miss_gis', 'miss_soc', 'dt_sat', 'dt_gis', 'dt_soc', 'q_sat', 'q_gis', 'q_soc', 'n_soc', 'soc_observation_mask', 'exposure', 'drainage_penalty'], 'input_channels': 23, 'target': 'gt_depth', 'time_steps': 72, 'height': 32, 'width': 32, 'checkpoint_schema_compatibility': 'validated'}",0.6035398905576715,0.9402749455700856,0.0847285654686492,0.04146893475506729,37277,100124,1.0561707672837162,0.7527594344382441,0.8872819898603678,0.2580437489086762,"[1, 3, 6, 12, 24]",0.24505768514968254,0.274188459372601,0.22411434996772456,0.13668453371202624,0.00029782274017437686,0.16762350312106916,0.0038479658510737324,0.24505768514968254,0.0761251226067543,3D CNN,cnn3d,296,15437,34.97021484375,0.15133178234100342,0.9152714345313423,0.9666829332818435,0.10653351247310638,52,44,296540,1081579
0.8820695206925617,3,"['meteo', 'satellite', 'gis', 'social', 'fused_depth', 'risk_score', 'rain_current', 'rain_accum_3', 'rain_accum_6', 'rain_accum_12', 'miss_sat', 'miss_gis', 'miss_soc', 'dt_sat', 'dt_gis', 'dt_soc', 'q_sat', 'q_gis', 'q_soc', 'n_soc', 'soc_observation_mask', 'exposure', 'drainage_penalty']",0.8502615642918591,True,"{'schema_version': 2, 'channel_registry_version': 'rain_schema_v2', 'source_artifact_schema_version': 2, 'rain_feature_version': 'causal_rolling_v1', 'rain_features_materialized': True, 'channel_names': ['meteo', 'satellite', 'gis', 'social', 'fused_depth', 'risk_score', 'rain_current', 'rain_accum_3', 'rain_accum_6', 'rain_accum_12', 'miss_sat', 'miss_gis', 'miss_soc', 'dt_sat', 'dt_gis', 'dt_soc', 'q_sat', 'q_gis', 'q_soc', 'n_soc', 'soc_observation_mask', 'exposure', 'drainage_penalty'], 'input_channels': 23, 'target': 'gt_depth', 'time_steps': 72, 'height': 32, 'width': 32, 'checkpoint_schema_compatibility': 'validated'}",0.5407607819890611,0.9190717421538501,0.06858701497989096,0.019308224239864738,103994,74732,0.9738465003539243,0.701939961492225,0.8502615642918591,0.24836562515702099,"[1, 3, 6, 12, 24]",0.2747381240934939,0.30536615455875527,0.2508829783748936,0.16268323402147036,0.00039362496672028273,0.17866008813065049,0.0043299457630948035,0.2747381240934939,0.08472713828086853,3D CNN,cnn3d,296,15437,34.97021484375,0.08733522891998291,0.9314129850200998,0.9070532758460347,0.11351720243692398,77,44,321932,1014862
0.9055334142736426,2,"['meteo', 'satellite', 'gis', 'social', 'fused_depth', 'risk_score', 'rain_current', 'rain_accum_3', 'rain_accum_6', 'rain_accum_12', 'miss_sat', 'miss_gis', 'miss_soc', 'dt_sat', 'dt_gis', 'dt_soc', 'q_sat', 'q_gis', 'q_soc', 'n_soc', 'soc_observation_mask', 'exposure', 'drainage_penalty']",0.8815827347650375,True,"{'schema_version': 2, 'channel_registry_version': 'rain_schema_v2', 'source_artifact_schema_version': 2, 'rain_feature_version': 'causal_rolling_v1', 'rain_features_materialized': True, 'channel_names': ['meteo', 'satellite', 'gis', 'social', 'fused_depth', 'risk_score', 'rain_current', 'rain_accum_3', 'rain_accum_6', 'rain_accum_12', 'miss_sat', 'miss_gis', 'miss_soc', 'dt_sat', 'dt_gis', 'dt_soc', 'q_sat', 'q_gis', 'q_soc', 'n_soc', 'soc_observation_mask', 'exposure', 'drainage_penalty'], 'input_channels': 23, 'target': 'gt_depth', 'time_steps': 72, 'height': 32, 'width': 32, 'checkpoint_schema_compatibility': 'validated'}",0.5973770756320832,0.9370650716269636,0.07797780219209774,0.02448928420608092,53026,90140,1.033171382197521,0.7479474755773707,0.8815827347650375,0.24568250082666054,"[1, 3, 6, 12, 24]",0.26637037380321604,0.28498736174928174,0.24377059976796847,0.15826889630910512,0.00047658587455107654,0.15068257634049734,0.004131287685595453,0.26637037380321604,0.08457094430923462,3D CNN,cnn3d,296,15437,34.97021484375,0.17102479934692383,0.9220221978078936,0.9526069485259859,0.11435213685035706,2026,44,306524,1065830
0.888450168918913,3,"['meteo', 'satellite', 'gis', 'social', 'fused_depth', 'risk_score', 'rain_current', 'rain_accum_3', 'rain_accum_6', 'rain_accum_12', 'miss_sat', 'miss_gis', 'miss_soc', 'dt_sat', 'dt_gis', 'dt_soc', 'q_sat', 'q_gis', 'q_soc', 'n_soc', 'soc_observation_mask', 'exposure', 'drainage_penalty']",0.865316667874956,True,"{'schema_version': 2, 'channel_registry_version': 'rain_schema_v2', 'source_artifact_schema_version': 2, 'rain_feature_version': 'causal_rolling_v1', 'rain_features_materialized': True, 'channel_names': ['meteo', 'satellite', 'gis', 'social', 'fused_depth', 'risk_score', 'rain_current', 'rain_accum_3', 'rain_accum_6', 'rain_accum_12', 'miss_sat', 'miss_gis', 'miss_soc', 'dt_sat', 'dt_gis', 'dt_soc', 'q_sat', 'q_gis', 'q_soc', 'n_soc', 'soc_observation_mask', 'exposure', 'drainage_penalty'], 'input_channels': 23, 'target': 'gt_depth', 'time_steps': 72, 'height': 32, 'width': 32, 'checkpoint_schema_compatibility': 'validated'}",0.5206453307642195,0.9277959910223756,0.11153691994339424,0.06839500633445901,32701,136355,1.0926428423318006,0.6847689204458569,0.865316667874956,0.789000625081826,"[1, 3, 6, 12, 24]",0.26270908882489075,0.3074290187576333,0.23955235730957342,0.1467959945266311,0.00032766327294174934,0.19715408452257915,0.004290971606088853,0.26270908882489075,0.0829898789525032,ConvGRU,convgru,296,14393,17.2626953125,0.10864365100860596,0.8884630800565976,0.9707728250999148,0.11398602277040482,42,44,260309,1086155
0.8944923194678995,3,"['meteo', 'satellite', 'gis', 'social', 'fused_depth', 'risk_score', 'rain_current', 'rain_accum_3', 'rain_accum_6', 'rain_accum_12', 'miss_sat', 'miss_gis', 'miss_soc', 'dt_sat', 'dt_gis', 'dt_soc', 'q_sat', 'q_gis', 'q_soc', 'n_soc', 'soc_observation_mask', 'exposure', 'drainage_penalty']",0.8734650918946654,True,"{'schema_version': 2, 'channel_registry_version': 'rain_schema_v2', 'source_artifact_schema_version': 2, 'rain_feature_version': 'causal_rolling_v1', 'rain_features_materialized': True, 'channel_names': ['meteo', 'satellite', 'gis', 'social', 'fused_depth', 'risk_score', 'rain_current', 'rain_accum_3', 'rain_accum_6', 'rain_accum_12', 'miss_sat', 'miss_gis', 'miss_soc', 'dt_sat', 'dt_gis', 'dt_soc', 'q_sat', 'q_gis', 'q_soc', 'n_soc', 'soc_observation_mask', 'exposure', 'drainage_penalty'], 'input_channels': 23, 'target': 'gt_depth', 'time_steps': 72, 'height': 32, 'width': 32, 'checkpoint_schema_compatibility': 'validated'}",0.532295635283334,0.9324594207855941,0.11598556777818175,0.0856069203969589,15080,144819,1.115956834480924,0.694768846202336,0.8734650918946654,0.770748125796672,"[1, 3, 6, 12, 24]",0.3202044577211947,0.2794067461949748,0.2988935378757683,0.1368917307338199,0.0003835903626168147,0.17495641235664888,0.004768101863462377,0.3202044577211947,0.0986173078417778,ConvGRU,convgru,296,14393,17.2626953125,0.12519395351409912,0.8840144322218102,0.9865219474177107,0.12438454478979111,44,44,251845,1103776
0.9039366026182373,3,"['meteo', 'satellite', 'gis', 'social', 'fused_depth', 'risk_score', 'rain_current', 'rain_accum_3', 'rain_accum_6', 'rain_accum_12', 'miss_sat', 'miss_gis', 'miss_soc', 'dt_sat', 'dt_gis', 'dt_soc', 'q_sat', 'q_gis', 'q_soc', 'n_soc', 'soc_observation_mask', 'exposure', 'drainage_penalty']",0.8776572813942959,True,"{'schema_version': 2, 'channel_registry_version': 'rain_schema_v2', 'source_artifact_schema_version': 2, 'rain_feature_version': 'causal_rolling_v1', 'rain_features_materialized': True, 'channel_names': ['meteo', 'satellite', 'gis', 'social', 'fused_depth', 'risk_score', 'rain_current', 'rain_accum_3', 'rain_accum_6', 'rain_accum_12', 'miss_sat', 'miss_gis', 'miss_soc', 'dt_sat', 'dt_gis', 'dt_soc', 'q_sat', 'q_gis', 'q_soc', 'n_soc', 'soc_observation_mask', 'exposure', 'drainage_penalty'], 'input_channels': 23, 'target': 'gt_depth', 'time_steps': 72, 'height': 32, 'width': 32, 'checkpoint_schema_compatibility': 'validated'}",0.6026900247225226,0.9348428868216413,0.0637626307900827,0.0021959459459459313,74457,71129,0.997025533223212,0.7520980544280537,0.8776572813942959,0.7603293750435114,"[1, 3, 6, 12, 24]",0.2692012943931528,0.2566741458266168,0.24880069172060168,0.14248801566459038,0.00040370829102923036,0.14801185472390135,0.004223083306380824,0.2692012943931528,0.0807691216468811,ConvGRU,convgru,296,14393,17.2626953125,0.13374435901641846,0.9362373692099083,0.9334525622600144,0.10966350883245468,52,44,325535,1044399
0.884881756756751,3,"['meteo', 'satellite', 'gis', 'social', 'fused_depth', 'risk_score', 'rain_current', 'rain_accum_3', 'rain_accum_6', 'rain_accum_12', 'miss_sat', 'miss_gis', 'miss_soc', 'dt_sat', 'dt_gis', 'dt_soc', 'q_sat', 'q_gis', 'q_soc', 'n_soc', 'soc_observation_mask', 'exposure', 'drainage_penalty']",0.8529281348788126,True,"{'schema_version': 2, 'channel_registry_version': 'rain_schema_v2', 'source_artifact_schema_version': 2, 'rain_feature_version': 'causal_rolling_v1', 'rain_features_materialized': True, 'channel_names': ['meteo', 'satellite', 'gis', 'social', 'fused_depth', 'risk_score', 'rain_current', 'rain_accum_3', 'rain_accum_6', 'rain_accum_12', 'miss_sat', 'miss_gis', 'miss_soc', 'dt_sat', 'dt_gis', 'dt_soc', 'q_sat', 'q_gis', 'q_soc', 'n_soc', 'soc_observation_mask', 'exposure', 'drainage_penalty'], 'input_channels': 23, 'target': 'gt_depth', 'time_steps': 72, 'height': 32, 'width': 32, 'checkpoint_schema_compatibility': 'validated'}",0.5521151939280913,0.9206273186669293,0.062449267036082376,0.02617979307432415,107070,67394,0.9645387788955776,0.7114358471432832,0.8529281348788126,0.7510418756282888,"[1, 3, 6, 12, 24]",0.25663827842957265,0.2775482181963083,0.23448679656595797,0.15721821140598607,0.00031877116772512955,0.1564504079665435,0.003972255506842221,0.25663827842957265,0.07761619985103607,ConvGRU,convgru,296,14393,17.2626953125,0.0699237585067749,0.9375507329639083,0.9043040391256703,0.1052122488617897,77,44,329270,1011786
0.9027046822212779,3,"['meteo', 'satellite', 'gis', 'social', 'fused_depth', 'risk_score', 'rain_current', 'rain_accum_3', 'rain_accum_6', 'rain_accum_12', 'miss_sat', 'miss_gis', 'miss_soc', 'dt_sat', 'dt_gis', 'dt_soc', 'q_sat', 'q_gis', 'q_soc', 'n_soc', 'soc_observation_mask', 'exposure', 'drainage_penalty']",0.8771929093986042,True,"{'schema_version': 2, 'channel_registry_version': 'rain_schema_v2', 'source_artifact_schema_version': 2, 'rain_feature_version': 'causal_rolling_v1', 'rain_features_materialized': True, 'channel_names': ['meteo', 'satellite', 'gis', 'social', 'fused_depth', 'risk_score', 'rain_current', 'rain_accum_3', 'rain_accum_6', 'rain_accum_12', 'miss_sat', 'miss_gis', 'miss_soc', 'dt_sat', 'dt_gis', 'dt_soc', 'q_sat', 'q_gis', 'q_soc', 'n_soc', 'soc_observation_mask', 'exposure', 'drainage_penalty'], 'input_channels': 23, 'target': 'gt_depth', 'time_steps': 72, 'height': 32, 'width': 32, 'checkpoint_schema_compatibility': 'validated'}",0.5934655755283192,0.9345793927880187,0.07209442261998568,0.010696658572635064,65621,81832,1.0144889065259424,0.7448740464086399,0.8771929093986042,1.2373593752272427,"[1, 3, 6, 12, 24]",0.24856037344481494,0.27206297611465324,0.22725086115502022,0.1461443417781108,0.00035211022131497393,0.15559957170154196,0.0038153961956865984,0.24856037344481494,0.07810819149017334,ConvGRU,convgru,296,14393,17.2626953125,0.1908015012741089,0.9279055773800055,0.9413499145555734,0.1062161773443222,2026,44,314832,1053235
0.8948829444678995,3,"['meteo', 'satellite', 'gis', 'social', 'fused_depth', 'risk_score', 'rain_current', 'rain_accum_3', 'rain_accum_6', 'rain_accum_12', 'miss_sat', 'miss_gis', 'miss_soc', 'dt_sat', 'dt_gis', 'dt_soc', 'q_sat', 'q_gis', 'q_soc', 'n_soc', 'soc_observation_mask', 'exposure', 'drainage_penalty']",0.8690767646534231,True,"{'schema_version': 2, 'channel_registry_version': 'rain_schema_v2', 'source_artifact_schema_version': 2, 'rain_feature_version': 'causal_rolling_v1', 'rain_features_materialized': True, 'channel_names': ['meteo', 'satellite', 'gis', 'social', 'fused_depth', 'risk_score', 'rain_current', 'rain_accum_3', 'rain_accum_6', 'rain_accum_12', 'miss_sat', 'miss_gis', 'miss_soc', 'dt_sat', 'dt_gis', 'dt_soc', 'q_sat', 'q_gis', 'q_soc', 'n_soc', 'soc_observation_mask', 'exposure', 'drainage_penalty'], 'input_channels': 23, 'target': 'gt_depth', 'time_steps': 72, 'height': 32, 'width': 32, 'checkpoint_schema_compatibility': 'validated'}",0.5620814430007658,0.9299529868620309,0.08476577138747286,0.024133630701013355,61366,97941,1.0326896401324117,0.7196570262316289,0.8690767646534231,1.3583887499407865,"[1, 3, 6, 12, 24]",0.2572767952003995,0.3106344854207458,0.2338890296381873,0.14727164603568413,0.00047397961296499834,0.20231147334483024,0.004687588655616384,0.2572767952003995,0.07945004105567932,Multi-Horizon Conv-LSTM U-Net,convlstm_unet,296,61325,15.95703125,0.10450804233551025,0.9152342286125185,0.9451529061827354,0.1124788224697113,42,44,298723,1057490
0.8908216321790482,3,"['meteo', 'satellite', 'gis', 'social', 'fused_depth', 'risk_score', 'rain_current', 'rain_accum_3', 'rain_accum_6', 'rain_accum_12', 'miss_sat', 'miss_gis', 'miss_soc', 'dt_sat', 'dt_gis', 'dt_soc', 'q_sat', 'q_gis', 'q_soc', 'n_soc', 'soc_observation_mask', 'exposure', 'drainage_penalty']",0.8688989339154274,True,"{'schema_version': 2, 'channel_registry_version': 'rain_schema_v2', 'source_artifact_schema_version': 2, 'rain_feature_version': 'causal_rolling_v1', 'rain_features_materialized': True, 'channel_names': ['meteo', 'satellite', 'gis', 'social', 'fused_depth', 'risk_score', 'rain_current', 'rain_accum_3', 'rain_accum_6', 'rain_accum_12', 'miss_sat', 'miss_gis', 'miss_soc', 'dt_sat', 'dt_gis', 'dt_soc', 'q_sat', 'q_gis', 'q_soc', 'n_soc', 'soc_observation_mask', 'exposure', 'drainage_penalty'], 'input_channels': 23, 'target': 'gt_depth', 'time_steps': 72, 'height': 32, 'width': 32, 'checkpoint_schema_compatibility': 'validated'}",0.5228072435325622,0.9298511690357623,0.11552724797398348,0.07985114020270218,22223,143239,1.1081604782027257,0.6866361396072351,0.8688989339154274,1.3988206250360236,"[1, 3, 6, 12, 24]",0.2961915344805331,0.3019531345548662,0.2737515874811121,0.13738019079775424,0.00040691510406071067,0.20250234979431372,0.004529332749960893,0.2961915344805331,0.09070716798305511,Multi-Horizon Conv-LSTM U-Net,convlstm_unet,296,61325,15.95703125,0.10324132442474365,0.8844727520260085,0.9801377478424302,0.11838717013597488,44,44,253425,1096633
0.882784786739859,3,"['meteo', 'satellite', 'gis', 'social', 'fused_depth', 'risk_score', 'rain_current', 'rain_accum_3', 'rain_accum_6', 'rain_accum_12', 'miss_sat', 'miss_gis', 'miss_soc', 'dt_sat', 'dt_gis', 'dt_soc', 'q_sat', 'q_gis', 'q_soc', 'n_soc', 'soc_observation_mask', 'exposure', 'drainage_penalty']",0.8593692110388,True,"{'schema_version': 2, 'channel_registry_version': 'rain_schema_v2', 'source_artifact_schema_version': 2, 'rain_feature_version': 'causal_rolling_v1', 'rain_features_materialized': True, 'channel_names': ['meteo', 'satellite', 'gis', 'social', 'fused_depth', 'risk_score', 'rain_current', 'rain_accum_3', 'rain_accum_6', 'rain_accum_12', 'miss_sat', 'miss_gis', 'miss_soc', 'dt_sat', 'dt_gis', 'dt_soc', 'q_sat', 'q_gis', 'q_soc', 'n_soc', 'soc_observation_mask', 'exposure', 'drainage_penalty'], 'input_channels': 23, 'target': 'gt_depth', 'time_steps': 72, 'height': 32, 'width': 32, 'checkpoint_schema_compatibility': 'validated'}",0.4999034692669765,0.9243663940424621,0.11734975143552595,0.07324614653716167,33318,144324,1.0992138398506948,0.6665808560484096,0.8593692110388,1.2800406257156283,"[1, 3, 6, 12, 24]",0.27325063661949056,0.39863281848060117,0.24531241164014145,0.15070963711351962,0.00046894303680322056,0.2941604226928305,0.0044765483833396355,0.27325063661949056,0.08591977506875992,Multi-Horizon Conv-LSTM U-Net,convlstm_unet,296,61325,15.95703125,0.12467169761657715,0.882650248564466,0.9702213689697247,0.1232900395989418,52,44,252340,1085538
0.8730257601351293,3,"['meteo', 'satellite', 'gis', 'social', 'fused_depth', 'risk_score', 'rain_current', 'rain_accum_3', 'rain_accum_6', 'rain_accum_12', 'miss_sat', 'miss_gis', 'miss_soc', 'dt_sat', 'dt_gis', 'dt_soc', 'q_sat', 'q_gis', 'q_soc', 'n_soc', 'soc_observation_mask', 'exposure', 'drainage_penalty']",0.8410715480311028,True,"{'schema_version': 2, 'channel_registry_version': 'rain_schema_v2', 'source_artifact_schema_version': 2, 'rain_feature_version': 'causal_rolling_v1', 'rain_features_materialized': True, 'channel_names': ['meteo', 'satellite', 'gis', 'social', 'fused_depth', 'risk_score', 'rain_current', 'rain_accum_3', 'rain_accum_6', 'rain_accum_12', 'miss_sat', 'miss_gis', 'miss_soc', 'dt_sat', 'dt_gis', 'dt_soc', 'q_sat', 'q_gis', 'q_soc', 'n_soc', 'soc_observation_mask', 'exposure', 'drainage_penalty'], 'input_channels': 23, 'target': 'gt_depth', 'time_steps': 72, 'height': 32, 'width': 32, 'checkpoint_schema_compatibility': 'validated'}",0.5079607646445645,0.9136761081642425,0.08281591959147205,0.005625791807432395,100479,91953,0.9923797164246249,0.6737055453353232,0.8410715480311028,1.3646149993292056,"[1, 3, 6, 12, 24]",0.2998735622779743,0.3322925753891468,0.27431140437319473,0.16993913135013064,0.0004301630050994808,0.20216055871365038,0.004290540076515361,0.2998735622779743,0.09093644469976425,Multi-Horizon Conv-LSTM U-Net,convlstm_unet,296,61325,15.95703125,0.07458865642547607,0.917184080408519,0.9101948776249945,0.12464845180511475,77,44,304711,1018377
0.8741078969594537,2,"['meteo', 'satellite', 'gis', 'social', 'fused_depth', 'risk_score', 'rain_current', 'rain_accum_3', 'rain_accum_6', 'rain_accum_12', 'miss_sat', 'miss_gis', 'miss_soc', 'dt_sat', 'dt_gis', 'dt_soc', 'q_sat', 'q_gis', 'q_soc', 'n_soc', 'soc_observation_mask', 'exposure', 'drainage_penalty']",0.8529033531423501,True,"{'schema_version': 2, 'channel_registry_version': 'rain_schema_v2', 'source_artifact_schema_version': 2, 'rain_feature_version': 'causal_rolling_v1', 'rain_features_materialized': True, 'channel_names': ['meteo', 'satellite', 'gis', 'social', 'fused_depth', 'risk_score', 'rain_current', 'rain_accum_3', 'rain_accum_6', 'rain_accum_12', 'miss_sat', 'miss_gis', 'miss_soc', 'dt_sat', 'dt_gis', 'dt_soc', 'q_sat', 'q_gis', 'q_soc', 'n_soc', 'soc_observation_mask', 'exposure', 'drainage_penalty'], 'input_channels': 23, 'target': 'gt_depth', 'time_steps': 72, 'height': 32, 'width': 32, 'checkpoint_schema_compatibility': 'validated'}",0.4529772353686858,0.9206128825722483,0.13873266192068753,0.10926942567567495,12596,178196,1.1480083227868363,0.6235159427721485,0.8529033531423501,1.634405626100488,"[1, 3, 6, 12, 24]",0.3102359034725138,0.425028543466249,0.28082578246657913,0.1524591639235213,0.0005068645810211279,0.32236987393903166,0.005103925104580216,0.3102359034725138,0.09845801442861557,Multi-Horizon Conv-LSTM U-Net,convlstm_unet,296,61325,15.95703125,0.10401856899261475,0.8612673380793047,0.9887420722595134,0.1333562582731247,2026,44,218468,1106260
